[BLOCK TYPE,TAG,NEXT BLK,DESCRIPTION,INITIAL SCAN,SCAN TIME,SMOOTHING,I/O DEVICE,H/W OPTIONS,I/O ADDRESS,SIGNAL CONDITIONING,LOW EGU LIMIT,HIGH EGU LIMIT,EGU TAG,INITIAL A/M STATUS,ALARM ENABLE,ALARM AREA(S),LO LO ALARM LIMIT,LO ALARM LIMIT,HI ALARM LIMIT,HI HI ALARM LIMIT,ROC ALARM LIMIT,DEAD BAND,ALARM PRIORITY,ENABLE OUTPUT,SECURITY AREA 1,SECURITY AREA 2,SECURITY AREA 3,ALARM AREA 1,ALARM AREA 2,ALARM AREA 3,ALARM AREA 4,ALARM AREA 5,ALARM AREA 6,ALARM AREA 7,ALARM AREA 8,ALARM AREA 9,ALARM AREA 10,ALARM AREA 11,ALARM AREA 12,ALARM AREA 13,ALARM AREA 14,ALARM AREA 15,USER FIELD 1,USER FIELD 2,ESIG TYPE,ESIG ALLOW CONT USE,ESIG XMPT ALARM ACK,ESIG UNSIGNED WRITES,PDR Update Rate,PDR Access Time,PDR Deadband,PDR Latch,PDR Disable Output,PDR Array Length,Hist Description,Hist Collect,Hist Interval,Hist Offset,Hist Time Res,Hist Compress,Hist Deadband,Hist Comp Type,Hist Comp Time,Scale Enabled,Scale Clamping,Scale Use EGU,Scale Raw Low,Scale Raw High,Scale Low,Scale High]
!A_NAME,A_TAG,A_NEXT,A_DESC,A_ISCAN,A_SCANT,A_SMOTH,A_IODV,A_IOHT,A_IOAD,A_IOSC,A_ELO,A_EHI,A_EGUDESC,A_IAM,A_IENAB,A_ADI,A_LOLO,A_LO,A_HI,A_HIHI,A_ROC,A_DBAND,A_PRI,A_EOUT,A_SA1,A_SA2,A_SA3,A_AREA1,A_AREA2,A_AREA3,A_AREA4,A_AREA5,A_AREA6,A_AREA7,A_AREA8,A_AREA9,A_AREA10,A_AREA11,A_AREA12,A_AREA13,A_AREA14,A_AREA15,A_ALMEXT1,A_ALMEXT2,A_ESIGTYPE,A_ESIGCONT,A_ESIGACK,A_ESIGTRAP,A_PDR_UPDATERATE,A_PDR_ACCESSTIME,A_PDR_DEADBAND,A_PDR_LATCHDATA,A_PDR_DISABLEOUT,A_PDR_ARRAYLENGTH,A_HIST_DESC,A_HIST_COLLECT,A_HIST_INTERVAL,A_HIST_OFFSET,A_HIST_TIMERES,A_HIST_COMPRESS,A_HIST_DEADBAND,A_HIST_COMPTYPE,A_HIST_COMPTIME,A_SCALE_ENABLED,A_SCALE_CLAMP,A_SCALE_USEEGU,A_SCALE_RAWLOW,A_SCALE_RAWHIGH,A_SCALE_LOW,A_SCALE_HIGH!
AI,CP1_BWP1_XXX_RUNNI_HRS,,BWASH PUMP 1 Runtime Hours,ON,10,0,IGS,,CH001.IEWPLC01.CP1_BWP1.SCADA.RUNNI_HRS,None,0,"999,999",hrs,AUTO,DISABLE,NONE,0,0,999999,999999,0,50000,LOW,NO,NONE,NONE,NONE,TBDALMXX,,,,,,,,,,,,,,,,,NONE,YES,NO,REJECT,1000,300000,0,NO,NO,0,,NO,5000,0,Milliseconds,DISABLE,0,Absolute,0,NO,NO,YES,0,65535,0,999999
AI,CP1_BWP1_XXX_STTOT_CRT,,BWASH PUMP 1 Start Counter Total,ON,10,0,IGS,,CH001.IEWPLC01.CP1_BWP1.SCADA.STTOT_CRT.ACC,None,0,"999,999",Starts,AUTO,DISABLE,NONE,0,0,999999,999999,0,50000,LOW,NO,NONE,NONE,NONE,TBDALMXX,,,,,,,,,,,,,,,,,NONE,YES,NO,REJECT,1000,300000,0,NO,NO,0,,NO,5000,0,Milliseconds,DISABLE,0,Absolute,0,NO,NO,YES,0,65535,0,999999
AI,CP1_BWP1_XXX_STTDY_CRT,,BWASH PUMP 1 Start Counter Today,ON,10,0,IGS,,CH001.IEWPLC01.CP1_BWP1.SCADA.STTDY_CRT.ACC,None,0,"999,999",Starts,AUTO,DISABLE,NONE,0,0,999999,999999,0,50000,LOW,NO,NONE,NONE,NONE,TBDALMXX,,,,,,,,,,,,,,,,,NONE,YES,NO,REJECT,1000,300000,0,NO,NO,0,,NO,5000,0,Milliseconds,DISABLE,0,Absolute,0,NO,NO,YES,0,65535,0,999999
AI,CP1_BWP1_XXX_STMTH_CRT,,BWASH PUMP 1 Start Counter Month,ON,10,0,IGS,,CH001.IEWPLC01.CP1_BWP1.SCADA.STMTH_CRT.ACC,None,0,"999,999",Starts,AUTO,DISABLE,NONE,0,0,999999,999999,0,50000,LOW,NO,NONE,NONE,NONE,TBDALMXX,,,,,,,,,,,,,,,,,NONE,YES,NO,REJECT,1000,300000,0,NO,NO,0,,NO,5000,0,Milliseconds,DISABLE,0,Absolute,0,NO,NO,YES,0,65535,0,999999
[BLOCK TYPE,TAG,NEXT BLK,DESCRIPTION,I/O DEVICE,H/W OPTIONS,I/O ADDRESS,INITIAL A/M STATUS,INITIAL SCAN,SCAN TIME,INVERT OUTPUT,OPEN TAG,CLOSE TAG,ALARM ENABLE,ALARM AREA(S),ALARM PRIORITY,ALARM TYPE,EVENT MESSAGES,SECURITY AREA 1,SECURITY AREA 2,SECURITY AREA 3,ENABLE OUTPUT,ALARM AREA 1,ALARM AREA 2,ALARM AREA 3,ALARM AREA 4,ALARM AREA 5,ALARM AREA 6,ALARM AREA 7,ALARM AREA 8,ALARM AREA 9,ALARM AREA 10,ALARM AREA 11,ALARM AREA 12,ALARM AREA 13,ALARM AREA 14,ALARM AREA 15,USER FIELD 1,USER FIELD 2,ESIG TYPE,ESIG ALLOW CONT USE,ESIG XMPT ALARM ACK,ESIG UNSIGNED WRITES,PDR Update Rate,PDR Access Time,PDR Deadband,PDR Latch,PDR Disable Output,PDR Array Length,Hist Description,Hist Collect,Hist Interval,Hist Offset,Hist Time Res,Hist Compress,Hist Deadband,Hist Comp Type,Hist Comp Time]
!A_NAME,A_TAG,A_NEXT,A_DESC,A_IODV,A_IOHT,A_IOAD,A_IAM,A_ISCAN,A_SCANT,A_INV,A_OPENDESC,A_CLOSEDESC,A_IENAB,A_ADI,A_PRI,A_ALMCK,A_EVENT,A_SA1,A_SA2,A_SA3,A_EOUT,A_AREA1,A_AREA2,A_AREA3,A_AREA4,A_AREA5,A_AREA6,A_AREA7,A_AREA8,A_AREA9,A_AREA10,A_AREA11,A_AREA12,A_AREA13,A_AREA14,A_AREA15,A_ALMEXT1,A_ALMEXT2,A_ESIGTYPE,A_ESIGCONT,A_ESIGACK,A_ESIGTRAP,A_PDR_UPDATERATE,A_PDR_ACCESSTIME,A_PDR_DEADBAND,A_PDR_LATCHDATA,A_PDR_DISABLEOUT,A_PDR_ARRAYLENGTH,A_HIST_DESC,A_HIST_COLLECT,A_HIST_INTERVAL,A_HIST_OFFSET,A_HIST_TIMERES,A_HIST_COMPRESS,A_HIST_DEADBAND,A_HIST_COMPTYPE,A_HIST_COMPTIME!
DI,CP1_BWP1_ZS1_AUTOM_STS,,BWASH PUMP 1 Auto Mode,IGS,,CH001.IEWPLC01.CP1_BWP1.SCADA.ZS1_AUTOM_STS,AUTO,ON,10,NO,OTHER,AUTO,ENABLE,NONE,LOW,CLOSE,ENABLE,NONE,NONE,NONE,NO,TBDALMXX,,,,,,,,,,,,,,,,,NONE,YES,NO,REJECT,1000,300000,0,NO,NO,0,,NO,5000,0,Milliseconds,DISABLE,0,Absolute,0
DI,CP1_BWP1_ZS1_REMOT_STS,,BWASH PUMP 1 Remote STS,IGS,,CH001.IEWPLC01.CP1_BWP1.SCADA.ZS1_REMOT_STS,AUTO,ON,10,NO,LOCAL,REMOTE,ENABLE,NONE,LOW,CLOSE,ENABLE,NONE,NONE,NONE,NO,TBDALMXX,,,,,,,,,,,,,,,,,NONE,YES,NO,REJECT,1000,300000,0,NO,NO,0,,NO,5000,0,Milliseconds,DISABLE,0,Absolute,0
DI,CP1_BWP1_ZS1_MANLM_STS,,BWASH PUMP 1 Manual Mode,IGS,,CH001.IEWPLC01.CP1_BWP1.SCADA.ZS1_MANLM_STS,AUTO,ON,10,NO,OTHER,MANUAL,ENABLE,NONE,LOW,CLOSE,ENABLE,NONE,NONE,NONE,NO,TBDALMXX,,,,,,,,,,,,,,,,,NONE,YES,NO,REJECT,1000,300000,0,NO,NO,0,,NO,5000,0,Milliseconds,DISABLE,0,Absolute,0
DI,CP1_BWP1_XXX_RUNNG_STS,,BWASH PUMP 1 Running Status,IGS,,CH001.IEWPLC01.CP1_BWP1.SCADA.RUNNG_STS,AUTO,ON,10,NO,OFF,RUNNING,ENABLE,NONE,LOW,CLOSE,ENABLE,NONE,NONE,NONE,NO,,,,,,,,,,,,,,,,,,NONE,YES,NO,REJECT,1000,300000,0,NO,NO,0,,NO,5000,0,Milliseconds,DISABLE,0,Absolute,0
DI,CP1_BWP1_RVS_HTALM_STS,,BWASH PUMP 1 Power On Delay,IGS,,CH001.IEWPLC01.CP1_BWP1_RVS_HTALM_STS,AUTO,ON,10,NO,OFF,ON,ENABLE,NONE,LOW,CLOSE,ENABLE,NONE,NONE,NONE,NO,TBDALMXX,,,,,,,,,,,,,,,,,NONE,YES,NO,REJECT,1000,300000,0,NO,NO,0,,NO,5000,0,Milliseconds,DISABLE,0,Absolute,0
[BLOCK TYPE,TAG,DESCRIPTION,I/O DEVICE,H/W OPTIONS,I/O ADDRESS TYPE,I/O ADDRESS,ENABLE OUTPUT,INVERT OUTPUT,OPEN TAG,CLOSE TAG,EVENT MESSAGES,SECURITY AREA 1,SECURITY AREA 2,SECURITY AREA 3,USER FIELD 1,USER FIELD 2,ESIG TYPE,ESIG ALLOW CONT USE,ESIG XMPT ALARM ACK,ESIG UNSIGNED WRITES,PDR Update Rate,PDR Access Time,PDR Deadband,PDR Latch,PDR Disable Output,PDR Array Length,Hist Description,Hist Collect,Hist Interval,Hist Offset,Hist Time Res,Hist Compress,Hist Deadband,Hist Comp Type,Hist Comp Time]
!A_NAME,A_TAG,A_DESC,A_IODV,A_IOHT,A_NUMS,A_IOAD,A_EOUT,A_INV,A_OPENDESC,A_CLOSEDESC,A_EVENT,A_SA1,A_SA2,A_SA3,A_ALMEXT1,A_ALMEXT2,A_ESIGTYPE,A_ESIGCONT,A_ESIGACK,A_ESIGTRAP,A_PDR_UPDATERATE,A_PDR_ACCESSTIME,A_PDR_DEADBAND,A_PDR_LATCHDATA,A_PDR_DISABLEOUT,A_PDR_ARRAYLENGTH,A_HIST_DESC,A_HIST_COLLECT,A_HIST_INTERVAL,A_HIST_OFFSET,A_HIST_TIMERES,A_HIST_COMPRESS,A_HIST_DEADBAND,A_HIST_COMPTYPE,A_HIST_COMPTIME!
DR,CP1_BWP1_XXX_RNTME_RST,BWASH PUMP 1 Run Time Reset,IGS,,DECIMAL,CH001.IEWPLC01.CP1_BWP1.SCADA.RNTME_RST,YES,NO,OFF,RESET,DISABLE,NONE,NONE,NONE,,,NONE,YES,NO,REJECT,1000,300000,0,NO,NO,0,,NO,5000,0,Milliseconds,DISABLE,0,Absolute,0
DR,CP1_BWP1_XXX_OUTSV_STS,BWASH PUMP 1 Out of Service,IGS,,DECIMAL,CH001.IEWPLC01.CP1_BWP1.SCADA.ZS1_OUTSV_STS,YES,NO,DISABLE,ENABLE,ENABLE,NONE,NONE,NONE,,,NONE,YES,NO,REJECT,1000,300000,0,NO,NO,0,,NO,5000,0,Milliseconds,DISABLE,0,Absolute,0
DR,CP1_BWP1_XXX_MANST_REQ,BWASH PUMP 1 Manual Start Request,IGS,,DECIMAL,CH001.IEWPLC01.CP1_BWP1.SCADA.MANST_REQ,YES,NO,OFF,START,DISABLE,NONE,NONE,NONE,,,NONE,YES,NO,REJECT,1000,300000,0,NO,NO,0,,NO,5000,0,Milliseconds,DISABLE,0,Absolute,0
DR,CP1_BWP1_XXX_MANSP_REQ,BWASH PUMP 1 Manual Stop Request,IGS,,DECIMAL,CH001.IEWPLC01.CP1_BWP1.SCADA.MANSP_REQ,YES,NO,OFF,STOP,DISABLE,NONE,NONE,NONE,,,NONE,YES,NO,REJECT,1000,300000,0,NO,NO,0,,NO,5000,0,Milliseconds,DISABLE,0,Absolute,0
DR,CP1_BWP1_XXX_MANLM_REQ,BWASH PUMP 1 Manual Mode Request,IGS,,DECIMAL,CH001.IEWPLC01.CP1_BWP1.SCADA.MANLM_REQ,YES,NO,AUTO,MANUAL,DISABLE,NONE,NONE,NONE,,,NONE,YES,NO,REJECT,1000,300000,0,NO,NO,0,,NO,5000,0,Milliseconds,DISABLE,0,Absolute,0
DR,CP1_BWP1_XXX_AUTOM_REQ,BWASH PUMP 1 Auto Mode Request,IGS,,DECIMAL,CH001.IEWPLC01.CP1_BWP1.SCADA.AUTOM_REQ,YES,NO,OPEN,CLOSE,DISABLE,NONE,NONE,NONE,,,NONE,YES,NO,REJECT,1000,300000,0,NO,NO,0,,NO,5000,0,Milliseconds,DISABLE,0,Absolute,0
DR,CP1_BWP1_XXX_ALARM_ACK,BWASH PUMP 1 Alarm Acknowledge,IGS,,DECIMAL,CH001.IEWPLC01.CP1_BWP1.SCADA.ALARM_ACK,YES,NO,OFF,ACK,DISABLE,NONE,NONE,NONE,,,NONE,YES,NO,REJECT,1000,300000,0,NO,NO,0,,NO,5000,0,Milliseconds,DISABLE,0,Absolute,0
DR,CP1_BWP1_XXX_BCKUP_RST,BWASH PUMP 1 Backup Reset,IGS,,DECIMAL,CH001.IEWPLC01.CP1_BWP1.SCADA.BCKUP_RST,YES,NO,OPEN,CLOSE,DISABLE,NONE,NONE,NONE,,,NONE,YES,NO,REJECT,1000,300000,0,NO,NO,0,,NO,5000,0,Milliseconds,DISABLE,0,Absolute,0
[BLOCK TYPE,TAG,NEXT BLK,DESCRIPTION,I/O DEVICE,H/W OPTIONS,I/O ADDRESS,INITIAL A/M STATUS,INITIAL SCAN,SCAN TIME,INVERT OUTPUT,OPEN TAG,CLOSE TAG,ALARM ENABLE,ALARM AREA(S),ALARM PRIORITY,ALARM TYPE,ENABLE OUTPUT,SECURITY AREA 1,SECURITY AREA 2,SECURITY AREA 3,ALARM AREA 1,ALARM AREA 2,ALARM AREA 3,ALARM AREA 4,ALARM AREA 5,ALARM AREA 6,ALARM AREA 7,ALARM AREA 8,ALARM AREA 9,ALARM AREA 10,ALARM AREA 11,ALARM AREA 12,ALARM AREA 13,ALARM AREA 14,ALARM AREA 15,USER FIELD 1,USER FIELD 2,CONTACT TAG,CONTACT MODE,REMOTE ACK TAG,ALARM SUSPENSION TAG,DELAY TIME,REALARM TIME,ESIG TYPE,ESIG ALLOW CONT USE,ESIG XMPT ALARM ACK,ESIG UNSIGNED WRITES,PDR Update Rate,PDR Access Time,PDR Deadband,PDR Latch,PDR Disable Output,PDR Array Length,Hist Description,Hist Collect,Hist Interval,Hist Offset,Hist Time Res,Hist Compress,Hist Deadband,Hist Comp Type,Hist Comp Time,Continuous Contact Output,Suppress COMM Alarm]
!A_NAME,A_TAG,A_NEXT,A_DESC,A_IODV,A_IOHT,A_IOAD,A_IAM,A_ISCAN,A_SCANT,A_INV,A_OPENDESC,A_CLOSEDESC,A_IENAB,A_ADI,A_PRI,A_ALMCK,A_EOUT,A_SA1,A_SA2,A_SA3,A_AREA1,A_AREA2,A_AREA3,A_AREA4,A_AREA5,A_AREA6,A_AREA7,A_AREA8,A_AREA9,A_AREA10,A_AREA11,A_AREA12,A_AREA13,A_AREA14,A_AREA15,A_ALMEXT1,A_ALMEXT2,A_CCALM,A_CCMOD,A_AACK,A_ASUSP,A_DELAY,A_REALM,A_ESIGTYPE,A_ESIGCONT,A_ESIGACK,A_ESIGTRAP,A_PDR_UPDATERATE,A_PDR_ACCESSTIME,A_PDR_DEADBAND,A_PDR_LATCHDATA,A_PDR_DISABLEOUT,A_PDR_ARRAYLENGTH,A_HIST_DESC,A_HIST_COLLECT,A_HIST_INTERVAL,A_HIST_OFFSET,A_HIST_TIMERES,A_HIST_COMPRESS,A_HIST_DEADBAND,A_HIST_COMPTYPE,A_HIST_COMPTIME,A_CTK_PERSIST,A_COMM_SURPRESS!
DA,CP1_BWP1_XXX_FLSTR_ALM,,BWASH PUMP 1 Fail To Start Alarm,IGS,,CH001.IEWPLC01.CP1_BWP1.SCADA.FLSTR_ALM,AUTO,ON,10,NO,NORMAL,ALARM,ENABLE,NONE,LOW,CLOSE,NO,NONE,NONE,NONE,TBDALMXX,,,,,,,,,,,,,,,,,,,,,0:00:00,0:00:00,NONE,YES,NO,REJECT,1000,300000,0,NO,NO,0,,NO,5000,0,Milliseconds,DISABLE,0,Absolute,0,DISABLE,DISABLE
DA,CP1_BWP1_XXX_FLSTP_ALM,,BWASH PUMP 1 Fail To Stop Alarm,IGS,,CH001.IEWPLC01.CP1_BWP1.SCADA.FLSTP_ALM,AUTO,ON,10,NO,NORMAL,ALARM,ENABLE,NONE,LOW,CLOSE,NO,NONE,NONE,NONE,TBDALMXX,,,,,,,,,,,,,,,,,,,,,0:00:00,0:00:00,NONE,YES,NO,REJECT,1000,300000,0,NO,NO,0,,NO,5000,0,Milliseconds,DISABLE,0,Absolute,0,DISABLE,DISABLE
DA,CP1_BWP1_XXX_UCSTR_ALM,,BWASH PUMP 1 Uncommand. Start Alm,IGS,,CH001.IEWPLC01.CP1_BWP1.SCADA.UCSTR_ALM,AUTO,ON,10,NO,NORMAL,ALARM,ENABLE,NONE,LOW,CLOSE,NO,NONE,NONE,NONE,TBDALMXX,,,,,,,,,,,,,,,,,,,,,0:00:00,0:00:00,NONE,YES,NO,REJECT,1000,300000,0,NO,NO,0,,NO,5000,0,Milliseconds,DISABLE,0,Absolute,0,DISABLE,DISABLE
DA,CP1_BWP1_XXX_UCSTP_ALM,,BWASH PUMP 1 Uncommand. Stop Alm,IGS,,CH001.IEWPLC01.CP1_BWP1.SCADA.UCSTP_ALM,AUTO,ON,10,NO,NORMAL,ALARM,ENABLE,NONE,LOW,CLOSE,NO,NONE,NONE,NONE,TBDALMXX,,,,,,,,,,,,,,,,,,,,,0:00:00,0:00:00,NONE,YES,NO,REJECT,1000,300000,0,NO,NO,0,,NO,5000,0,Milliseconds,DISABLE,0,Absolute,0,DISABLE,DISABLE
DA,CP1_BWP1_XXX_GENAL_ALM,,BWASH PUMP 1 General Alarm,IGS,,CH001.IEWPLC01.CP1_BWP1.SCADA.GENAL_ALM,AUTO,ON,10,NO,NORMAL,ALARM,ENABLE,NONE,LOW,CLOSE,NO,NONE,NONE,NONE,TBDALMXX,,,,,,,,,,,,,,,,,,,,,0:00:00,0:00:00,NONE,YES,NO,REJECT,1000,300000,0,NO,NO,0,,NO,5000,0,Milliseconds,DISABLE,0,Absolute,0,DISABLE,DISABLE
DA,CP1_BWP1_XXX_SRTLS_ALM,,BWASH PUMP 1 Start Float Alarm,IGS,,CH001.IEWPLC01.CP1_BWP1.SCADA.SRTLS_ALM,AUTO,ON,10,NO,NORMAL,ALARM,ENABLE,NONE,LOW,CLOSE,NO,NONE,NONE,NONE,TBDALMXX,,,,,,,,,,,,,,,,,,,,,0:00:00,0:00:00,NONE,YES,NO,REJECT,1000,300000,0,NO,NO,0,,NO,5000,0,Milliseconds,DISABLE,0,Absolute,0,DISABLE,DISABLE
DA,CP1_BWP1_XXX_ONFLT_ALM,,BWASH PUMP 1 On Float Alarm,IGS,,CH001.IEWPLC01.CP1_BWP1.SCADA.ONFLT_ALM,AUTO,ON,10,NO,NORMAL,ALARM,ENABLE,NONE,LOW,CLOSE,NO,NONE,NONE,NONE,TBDALMXX,,,,,,,,,,,,,,,,,,,,,0:00:00,0:00:00,NONE,YES,NO,REJECT,1000,300000,0,NO,NO,0,,NO,5000,0,Milliseconds,DISABLE,0,Absolute,0,DISABLE,DISABLE
DA,CP1_BWP1_RVS_FAULT_ALM,,BWASH PUMP 1 Soft Starter Fault Alm,IGS,,CH001.IEWPLC01.CP1_BWP1.SCADA.FAULT_ALM,AUTO,ON,10,NO,NORMAL,ALARM,ENABLE,NONE,LOW,CLOSE,NO,NONE,NONE,NONE,TBDALMXX,,,,,,,,,,,,,,,,,,,,,0:00:00,0:00:00,NONE,YES,NO,REJECT,1000,300000,0,NO,NO,0,,NO,5000,0,Milliseconds,DISABLE,0,Absolute,0,DISABLE,DISABLE
DA,CP1_BWP1_XXX_TMPLK_ALM,,BWASH PUMP 1 Temp/Leakage Alarm,IGS,,CH001.IEWPLC01.CP1_BWP1.SCADA.TMPLK_ALM,AUTO,ON,10,NO,NORMAL,ALARM,ENABLE,NONE,LOW,CLOSE,NO,NONE,NONE,NONE,TBDALMXX,,,,,,,,,,,,,,,,,,,,,0:00:00,0:00:00,NONE,YES,NO,REJECT,1000,300000,0,NO,NO,0,,NO,5000,0,Milliseconds,DISABLE,0,Absolute,0,DISABLE,DISABLE
